Marca temporal,platillo 
2/5/2024 16:00:31,Baho
2/5/2024 16:00:32,enchilada
2/5/2024 16:00:45,sopa_de_mondogo
2/5/2024 16:00:48,nacatamal
2/5/2024 16:00:54,vigoron
2/5/2024 16:00:55,fritanga
2/5/2024 16:00:59,sopa_de_mondogo
2/5/2024 16:01:02,sopa_de_mondogo
2/5/2024 16:01:11,Baho
2/5/2024 16:01:23,Baho
2/5/2024 16:01:30,nacatamal
2/5/2024 16:01:41,enchilada
2/5/2024 16:01:44,Quesillo
2/5/2024 16:01:45,Baho
2/5/2024 16:01:46,Quesillo
2/5/2024 16:01:48,enchilada
2/5/2024 16:01:49,fritanga
2/5/2024 16:01:51,Quesillo
2/5/2024 16:01:52,enchilada
2/5/2024 16:01:55,fritanga
2/5/2024 16:01:57,fritanga
2/5/2024 16:01:57,enchilada
2/5/2024 16:01:58,indio_viejo
2/5/2024 16:02:00,nacatamal
2/5/2024 16:02:00,enchilada
2/5/2024 16:02:01,enchilada
2/5/2024 16:02:02,fritanga
2/5/2024 16:02:06,enchilada
2/5/2024 16:02:08,Quesillo
2/5/2024 16:02:09,nacatamal
2/5/2024 16:02:09,vigoron
2/5/2024 16:02:14,Baho
2/5/2024 16:02:15,nacatamal
2/5/2024 16:02:16,nacatamal
2/5/2024 16:02:17,nacatamal
2/5/2024 16:02:19,fritanga
2/5/2024 16:02:22,enchilada
2/5/2024 16:02:27,nacatamal
2/5/2024 16:02:29,fritanga
2/5/2024 16:02:30,enchilada
2/5/2024 16:02:35,fritanga
2/5/2024 16:02:36,fritanga
2/5/2024 16:02:37,fritanga
2/5/2024 16:02:45,fritanga
2/5/2024 16:02:46,fritanga
2/5/2024 16:02:46,fritanga
2/5/2024 16:02:46,Quesillo
2/5/2024 16:02:58,fritanga
2/5/2024 16:02:59,nacatamal
2/5/2024 16:03:02,fritanga
2/5/2024 16:03:03,fritanga
2/5/2024 16:03:04,fritanga
2/5/2024 16:03:04,nacatamal
2/5/2024 16:03:07,fritanga
2/5/2024 16:03:08,nacatamal
2/5/2024 16:03:11,fritanga
2/5/2024 16:03:11,enchilada
2/5/2024 16:03:12,fritanga
2/5/2024 16:03:12,nacatamal
2/5/2024 16:03:14,enchilada
2/5/2024 16:03:15,fritanga
2/5/2024 16:03:16,nacatamal
2/5/2024 16:03:16,enchilada
2/5/2024 16:03:17,fritanga
2/5/2024 16:03:17,nacatamal
2/5/2024 16:03:18,fritanga
2/5/2024 16:03:18,enchilada
2/5/2024 16:03:19,fritanga
2/5/2024 16:03:20,nacatamal
2/5/2024 16:03:23,enchilada
2/5/2024 16:03:25,nacatamal
2/5/2024 16:03:26,enchilada
2/5/2024 16:03:28,fritanga
2/5/2024 16:03:29,vigoron
2/5/2024 16:03:29,nacatamal
2/5/2024 16:03:30,nacatamal
2/5/2024 16:03:31,enchilada
2/5/2024 16:03:32,nacatamal
2/5/2024 16:03:34,enchilada
2/5/2024 16:03:35,fritanga
2/5/2024 16:03:35,vigoron
2/5/2024 16:03:37,nacatamal
2/5/2024 16:03:37,fritanga
2/5/2024 16:03:40,enchilada
2/5/2024 16:03:40,fritanga
2/5/2024 16:03:42,nacatamal
2/5/2024 16:03:42,Baho
2/5/2024 16:03:45,fritanga
2/5/2024 16:03:48,Baho
2/5/2024 16:03:50,nacatamal
2/5/2024 16:03:50,fritanga
2/5/2024 16:03:51,Baho
2/5/2024 16:03:54,Baho
2/5/2024 16:03:54,fritanga
2/5/2024 16:03:54,nacatamal
2/5/2024 16:03:58,fritanga
2/5/2024 16:04:00,Baho
2/5/2024 16:04:02,nacatamal
2/5/2024 16:04:03,Quesillo
2/5/2024 16:04:06,Baho
2/5/2024 16:04:07,sopa_de_mondogo
2/5/2024 16:04:08,indio_viejo
2/5/2024 16:04:10,nacatamal
2/5/2024 16:04:11,Baho
2/5/2024 16:04:12,sopa_de_mondogo
2/5/2024 16:04:15,Baho
2/5/2024 16:04:16,fritanga
2/5/2024 16:04:18,nacatamal
2/5/2024 16:04:21,Baho
2/5/2024 16:04:23,nacatamal
2/5/2024 16:04:24,nacatamal
2/5/2024 16:04:25,fritanga
2/5/2024 16:04:27,Baho
2/5/2024 16:04:30,nacatamal
2/5/2024 16:04:30,Quesillo
2/5/2024 16:04:34,fritanga
2/5/2024 16:04:34,enchilada
2/5/2024 16:04:35,nacatamal
2/5/2024 16:04:37,nacatamal
2/5/2024 16:04:37,vigoron
2/5/2024 16:04:37,nacatamal
2/5/2024 16:04:40,fritanga
2/5/2024 16:04:40,Baho
2/5/2024 16:04:42,enchilada
2/5/2024 16:04:44,nacatamal
2/5/2024 16:04:44,nacatamal
2/5/2024 16:04:45,Baho
2/5/2024 16:04:47,Baho
2/5/2024 16:04:47,enchilada
2/5/2024 16:04:48,fritanga
2/5/2024 16:04:48,nacatamal
2/5/2024 16:04:51,Baho
2/5/2024 16:04:51,fritanga
2/5/2024 16:04:53,fritanga
2/5/2024 16:04:53,nacatamal
2/5/2024 16:04:55,Baho
2/5/2024 16:04:55,vigoron
2/5/2024 16:04:57,nacatamal
2/5/2024 16:04:58,nacatamal
2/5/2024 16:04:59,Quesillo
2/5/2024 16:04:59,nacatamal
2/5/2024 16:05:01,Baho
2/5/2024 16:05:02,enchilada
2/5/2024 16:05:02,indio_viejo
2/5/2024 16:05:03,nacatamal
2/5/2024 16:05:03,Quesillo
2/5/2024 16:05:04,enchilada
2/5/2024 16:05:05,Baho
2/5/2024 16:05:05,Quesillo
2/5/2024 16:05:07,nacatamal
2/5/2024 16:05:08,fritanga
2/5/2024 16:05:11,enchilada
2/5/2024 16:05:12,nacatamal
2/5/2024 16:05:12,fritanga
2/5/2024 16:05:12,vigoron
2/5/2024 16:05:14,fritanga
2/5/2024 16:05:15,fritanga
2/5/2024 16:05:16,nacatamal
2/5/2024 16:05:16,fritanga
2/5/2024 16:05:17,enchilada
2/5/2024 16:05:22,nacatamal
2/5/2024 16:05:23,vigoron
2/5/2024 16:05:24,nacatamal
2/5/2024 16:05:25,enchilada
2/5/2024 16:05:26,nacatamal
2/5/2024 16:05:27,vigoron
2/5/2024 16:05:29,enchilada
2/5/2024 16:05:29,nacatamal
2/5/2024 16:05:30,nacatamal
2/5/2024 16:05:31,Baho
2/5/2024 16:05:32,Baho
2/5/2024 16:05:33,Baho
2/5/2024 16:05:34,Baho
2/5/2024 16:05:35,nacatamal
2/5/2024 16:05:35,fritanga
2/5/2024 16:05:36,fritanga
2/5/2024 16:05:38,nacatamal
2/5/2024 16:05:38,fritanga
2/5/2024 16:05:38,Baho
2/5/2024 16:05:39,nacatamal
2/5/2024 16:05:40,enchilada
2/5/2024 16:05:41,fritanga
2/5/2024 16:05:42,Baho
2/5/2024 16:05:42,fritanga
2/5/2024 16:05:43,nacatamal
2/5/2024 16:05:43,Baho
2/5/2024 16:05:44,nacatamal
2/5/2024 16:05:46,nacatamal
2/5/2024 16:05:46,Baho
2/5/2024 16:05:46,fritanga
2/5/2024 16:05:47,indio_viejo
2/5/2024 16:05:47,nacatamal
2/5/2024 16:05:48,fritanga
2/5/2024 16:05:48,Baho
2/5/2024 16:05:48,fritanga
2/5/2024 16:05:49,vigoron
2/5/2024 16:05:49,fritanga
2/5/2024 16:05:49,Quesillo
2/5/2024 16:05:51,vigoron
2/5/2024 16:05:51,nacatamal
2/5/2024 16:05:51,Baho
2/5/2024 16:05:52,sopa_de_mondogo
2/5/2024 16:05:52,fritanga
2/5/2024 16:05:53,Baho
2/5/2024 16:05:53,fritanga
2/5/2024 16:05:53,Baho
2/5/2024 16:05:54,vigoron
2/5/2024 16:05:54,nacatamal
2/5/2024 16:05:55,enchilada
2/5/2024 16:05:55,fritanga
2/5/2024 16:05:56,vigoron
2/5/2024 16:05:56,Baho
2/5/2024 16:05:57,fritanga
2/5/2024 16:05:57,fritanga
2/5/2024 16:05:58,fritanga
2/5/2024 16:05:59,Quesillo
2/5/2024 16:05:59,indio_viejo
2/5/2024 16:05:59,nacatamal
2/5/2024 16:05:59,fritanga
2/5/2024 16:06:00,Baho
2/5/2024 16:06:00,fritanga
2/5/2024 16:06:01,fritanga
2/5/2024 16:06:01,enchilada
2/5/2024 16:06:01,Baho
2/5/2024 16:06:03,vigoron
2/5/2024 16:06:03,Quesillo
2/5/2024 16:06:03,fritanga
2/5/2024 16:06:03,Baho
2/5/2024 16:06:03,fritanga
2/5/2024 16:06:04,nacatamal
2/5/2024 16:06:04,vigoron
2/5/2024 16:06:05,Baho
2/5/2024 16:06:06,fritanga
2/5/2024 16:06:06,fritanga
2/5/2024 16:06:07,nacatamal
2/5/2024 16:06:07,fritanga
2/5/2024 16:06:07,Baho
2/5/2024 16:06:07,fritanga
2/5/2024 16:06:07,nacatamal
2/5/2024 16:06:08,enchilada
2/5/2024 16:06:09,Quesillo
2/5/2024 16:06:10,vigoron
2/5/2024 16:06:11,enchilada
2/5/2024 16:06:12,nacatamal
2/5/2024 16:06:12,Quesillo
2/5/2024 16:06:12,fritanga
2/5/2024 16:06:12,sopa_de_mondogo
2/5/2024 16:06:12,Quesillo
2/5/2024 16:06:13,Baho
2/5/2024 16:06:14,Quesillo
2/5/2024 16:06:14,fritanga
2/5/2024 16:06:15,enchilada
2/5/2024 16:06:16,fritanga
2/5/2024 16:06:16,nacatamal
2/5/2024 16:06:18,Quesillo
2/5/2024 16:06:18,Baho
2/5/2024 16:06:18,fritanga
2/5/2024 16:06:20,nacatamal
2/5/2024 16:06:20,fritanga
2/5/2024 16:06:20,vigoron
2/5/2024 16:06:21,enchilada
2/5/2024 16:06:22,Quesillo
2/5/2024 16:06:24,fritanga
2/5/2024 16:06:24,nacatamal
2/5/2024 16:06:25,fritanga
2/5/2024 16:06:25,Quesillo
2/5/2024 16:06:27,Baho
2/5/2024 16:06:30,nacatamal
2/5/2024 16:06:30,Quesillo
2/5/2024 16:06:32,fritanga
2/5/2024 16:06:34,nacatamal
2/5/2024 16:06:36,fritanga
2/5/2024 16:06:37,Quesillo
2/5/2024 16:06:38,nacatamal
2/5/2024 16:06:38,fritanga
2/5/2024 16:06:40,Quesillo
2/5/2024 16:06:42,nacatamal
2/5/2024 16:06:44,Quesillo
2/5/2024 16:06:45,Quesillo
2/5/2024 16:06:46,fritanga
2/5/2024 16:06:46,enchilada
2/5/2024 16:06:47,nacatamal
2/5/2024 16:06:48,enchilada
2/5/2024 16:06:49,Quesillo
2/5/2024 16:06:49,fritanga
2/5/2024 16:06:51,nacatamal
2/5/2024 16:06:52,fritanga
2/5/2024 16:06:53,enchilada
2/5/2024 16:06:55,enchilada
2/5/2024 16:06:55,fritanga
2/5/2024 16:06:55,Quesillo
2/5/2024 16:06:57,nacatamal
2/5/2024 16:06:57,fritanga
2/5/2024 16:06:57,enchilada
2/5/2024 16:06:59,Quesillo
2/5/2024 16:06:59,Baho
2/5/2024 16:07:00,enchilada
2/5/2024 16:07:00,nacatamal
2/5/2024 16:07:00,fritanga
2/5/2024 16:07:02,Quesillo
2/5/2024 16:07:02,enchilada
2/5/2024 16:07:04,nacatamal
2/5/2024 16:07:05,Baho
2/5/2024 16:07:05,Quesillo
2/5/2024 16:07:08,nacatamal
2/5/2024 16:07:09,Baho
2/5/2024 16:07:10,fritanga
2/5/2024 16:07:10,fritanga
2/5/2024 16:07:13,Quesillo
2/5/2024 16:07:14,Baho
2/5/2024 16:07:15,fritanga
2/5/2024 16:07:16,Quesillo
2/5/2024 16:07:18,nacatamal
2/5/2024 16:07:21,nacatamal
2/5/2024 16:07:23,nacatamal
2/5/2024 16:07:23,fritanga
2/5/2024 16:07:25,Quesillo
2/5/2024 16:07:25,fritanga
2/5/2024 16:07:26,Baho
2/5/2024 16:07:28,enchilada
2/5/2024 16:07:28,fritanga
2/5/2024 16:07:29,fritanga
2/5/2024 16:07:30,fritanga
2/5/2024 16:07:30,enchilada
2/5/2024 16:07:31,Quesillo
2/5/2024 16:07:33,vigoron
2/5/2024 16:07:33,vigoron
2/5/2024 16:07:33,nacatamal
2/5/2024 16:07:34,fritanga
2/5/2024 16:07:35,indio_viejo
2/5/2024 16:07:35,fritanga
2/5/2024 16:07:36,enchilada
2/5/2024 16:07:37,indio_viejo
2/5/2024 16:07:38,Quesillo
2/5/2024 16:07:38,Baho
2/5/2024 16:07:39,fritanga
2/5/2024 16:07:39,nacatamal
2/5/2024 16:07:39,indio_viejo
2/5/2024 16:07:40,Baho
2/5/2024 16:07:40,fritanga
2/5/2024 16:07:41,vigoron
2/5/2024 16:07:41,indio_viejo
2/5/2024 16:07:43,Quesillo
2/5/2024 16:07:43,Baho
2/5/2024 16:07:43,indio_viejo
2/5/2024 16:07:44,fritanga
2/5/2024 16:07:44,fritanga
2/5/2024 16:07:44,fritanga
2/5/2024 16:07:45,indio_viejo
2/5/2024 16:07:47,Baho
2/5/2024 16:07:47,fritanga
2/5/2024 16:07:47,Baho
2/5/2024 16:07:48,fritanga
2/5/2024 16:07:48,nacatamal
2/5/2024 16:07:48,nacatamal
2/5/2024 16:07:50,fritanga
2/5/2024 16:07:50,fritanga
2/5/2024 16:07:51,Baho
2/5/2024 16:07:52,Baho
2/5/2024 16:07:52,fritanga
2/5/2024 16:07:52,nacatamal
2/5/2024 16:07:53,fritanga
2/5/2024 16:07:54,Baho
2/5/2024 16:07:55,nacatamal
2/5/2024 16:07:56,Quesillo
2/5/2024 16:07:56,fritanga
2/5/2024 16:07:56,Baho
2/5/2024 16:07:56,fritanga
2/5/2024 16:07:57,nacatamal
2/5/2024 16:07:57,Baho
2/5/2024 16:07:58,fritanga
2/5/2024 16:07:59,Quesillo
2/5/2024 16:07:59,enchilada
2/5/2024 16:08:01,nacatamal
2/5/2024 16:08:01,Baho
2/5/2024 16:08:01,Baho
2/5/2024 16:08:02,nacatamal
2/5/2024 16:08:03,Quesillo
2/5/2024 16:08:03,fritanga
2/5/2024 16:08:04,nacatamal
2/5/2024 16:08:05,Quesillo
2/5/2024 16:08:05,Baho
2/5/2024 16:08:07,nacatamal
2/5/2024 16:08:08,nacatamal
2/5/2024 16:08:09,Baho
2/5/2024 16:08:10,fritanga
2/5/2024 16:08:10,Baho
2/5/2024 16:08:13,nacatamal
2/5/2024 16:08:13,fritanga
2/5/2024 16:08:15,Baho
2/5/2024 16:08:15,fritanga
2/5/2024 16:08:16,nacatamal
2/5/2024 16:08:18,fritanga
2/5/2024 16:08:19,Baho
2/5/2024 16:08:20,nacatamal
2/5/2024 16:08:20,fritanga
2/5/2024 16:08:24,fritanga
2/5/2024 16:08:24,Baho
2/5/2024 16:08:24,nacatamal
2/5/2024 16:08:24,fritanga
2/5/2024 16:08:27,vigoron
2/5/2024 16:08:28,fritanga
2/5/2024 16:08:29,Baho
2/5/2024 16:08:29,Baho
2/5/2024 16:08:30,nacatamal
2/5/2024 16:08:32,Quesillo
2/5/2024 16:08:33,Baho
2/5/2024 16:08:34,indio_viejo
2/5/2024 16:08:36,indio_viejo
2/5/2024 16:08:37,nacatamal
2/5/2024 16:08:38,Baho
2/5/2024 16:08:38,indio_viejo
2/5/2024 16:08:41,nacatamal
2/5/2024 16:08:43,Baho
2/5/2024 16:08:43,fritanga
2/5/2024 16:08:44,nacatamal
2/5/2024 16:08:47,fritanga
2/5/2024 16:08:47,Baho
2/5/2024 16:08:49,nacatamal
2/5/2024 16:08:50,fritanga
2/5/2024 16:08:52,Baho
2/5/2024 16:08:54,fritanga
2/5/2024 16:08:56,fritanga
2/5/2024 16:08:57,Baho
2/5/2024 16:09:01,fritanga
2/5/2024 16:09:03,Baho
2/5/2024 16:09:04,vigoron
2/5/2024 16:09:07,fritanga
2/5/2024 16:09:09,fritanga
2/5/2024 16:09:14,fritanga
2/5/2024 16:09:17,fritanga
2/5/2024 16:09:19,fritanga
2/5/2024 16:12:54,Baho
2/5/2024 16:13:13,Baho
2/5/2024 16:13:28,Baho
2/5/2024 19:02:08,fritanga